{
  "id": "bc886bca-d905-4770-8c16-867ead1ef205",
  "name": "song-title",
  "isOverridable": true,
  "entries": [
    {
      "value": "Shape Of You",
      "synonyms": [
        "Shape Of You"
      ]
    },
    {
      "value": "Say You Wont Let Go",
      "synonyms": [
        "Say You Wont Let Go"
      ]
    },
    {
      "value": "Cant Help Falling In Love With You",
      "synonyms": [
        "Cant Help Falling In Love With You"
      ]
    },
    {
      "value": "Shape Of You",
      "synonyms": [
        "Shape Of You"
      ]
    },
    {
      "value": "City Of Stars",
      "synonyms": [
        "City Of Stars"
      ]
    },
    {
      "value": "Castle On The Hill",
      "synonyms": [
        "Castle On The Hill"
      ]
    },
    {
      "value": "Versace On The Floor",
      "synonyms": [
        "Versace On The Floor"
      ]
    },
    {
      "value": "Hallelujah",
      "synonyms": [
        "Hallelujah"
      ]
    },
    {
      "value": "All Of Me",
      "synonyms": [
        "All Of Me"
      ]
    },
    {
      "value": "Photograph",
      "synonyms": [
        "Photograph"
      ]
    },
    {
      "value": "Love Yourself",
      "synonyms": [
        "Love Yourself"
      ]
    },
    {
      "value": "Let Her Go",
      "synonyms": [
        "Let Her Go"
      ]
    },
    {
      "value": "Thinking Out Loud",
      "synonyms": [
        "Thinking Out Loud"
      ]
    },
    {
      "value": "Im Yours",
      "synonyms": [
        "Im Yours"
      ]
    },
    {
      "value": "City Of Stars Acoustic",
      "synonyms": [
        "City Of Stars Acoustic"
      ]
    },
    {
      "value": "Riptide",
      "synonyms": [
        "Riptide"
      ]
    },
    {
      "value": "How Far Ill Go",
      "synonyms": [
        "How Far Ill Go"
      ]
    },
    {
      "value": "The A Team",
      "synonyms": [
        "The A Team"
      ]
    },
    {
      "value": "Surat Cinta Untuk Starla",
      "synonyms": [
        "Surat Cinta Untuk Starla"
      ]
    },
    {
      "value": "How Would You Feel",
      "synonyms": [
        "How Would You Feel"
      ]
    },
    {
      "value": "When We Were Young",
      "synonyms": [
        "When We Were Young"
      ]
    },
    {
      "value": "Hotel California",
      "synonyms": [
        "Hotel California"
      ]
    },
    {
      "value": "Million Reasons",
      "synonyms": [
        "Million Reasons"
      ]
    },
    {
      "value": "Hurt",
      "synonyms": [
        "Hurt"
      ]
    },
    {
      "value": "Creep",
      "synonyms": [
        "Creep"
      ]
    },
    {
      "value": "I See Fire",
      "synonyms": [
        "I See Fire"
      ]
    },
    {
      "value": "Versace On The Floor",
      "synonyms": [
        "Versace On The Floor"
      ]
    },
    {
      "value": "The Scientist Acoustic",
      "synonyms": [
        "The Scientist Acoustic"
      ]
    },
    {
      "value": "Closer",
      "synonyms": [
        "Closer"
      ]
    },
    {
      "value": "Stairway To Heaven",
      "synonyms": [
        "Stairway To Heaven"
      ]
    },
    {
      "value": "I Dont Wanna Live Forever",
      "synonyms": [
        "I Dont Wanna Live Forever"
      ]
    },
    {
      "value": "Wonderwall",
      "synonyms": [
        "Wonderwall"
      ]
    },
    {
      "value": "Shape Of You",
      "synonyms": [
        "Shape Of You"
      ]
    },
    {
      "value": "Nothing Else Matters",
      "synonyms": [
        "Nothing Else Matters"
      ]
    },
    {
      "value": "Someone Like You",
      "synonyms": [
        "Someone Like You"
      ]
    },
    {
      "value": "Something Just Like This",
      "synonyms": [
        "Something Just Like This"
      ]
    },
    {
      "value": "Wish You Were Here",
      "synonyms": [
        "Wish You Were Here"
      ]
    },
    {
      "value": "When I Was Your Man",
      "synonyms": [
        "When I Was Your Man"
      ]
    },
    {
      "value": "A Thousand Years",
      "synonyms": [
        "A Thousand Years"
      ]
    },
    {
      "value": "Stay With Me",
      "synonyms": [
        "Stay With Me"
      ]
    },
    {
      "value": "Let It Go",
      "synonyms": [
        "Let It Go"
      ]
    },
    {
      "value": "Dancing On My Own",
      "synonyms": [
        "Dancing On My Own"
      ]
    },
    {
      "value": "City Of Stars",
      "synonyms": [
        "City Of Stars"
      ]
    },
    {
      "value": "Treat You Better",
      "synonyms": [
        "Treat You Better"
      ]
    },
    {
      "value": "Versace On The Floor",
      "synonyms": [
        "Versace On The Floor"
      ]
    },
    {
      "value": "All I Want",
      "synonyms": [
        "All I Want"
      ]
    },
    {
      "value": "This Town",
      "synonyms": [
        "This Town"
      ]
    },
    {
      "value": "Fix You Acoustic",
      "synonyms": [
        "Fix You Acoustic"
      ]
    },
    {
      "value": "Hallelujah",
      "synonyms": [
        "Hallelujah"
      ]
    },
    {
      "value": "Mercy",
      "synonyms": [
        "Mercy"
      ]
    },
    {
      "value": "Sound Of Silence",
      "synonyms": [
        "Sound Of Silence"
      ]
    },
    {
      "value": "Let It Be",
      "synonyms": [
        "Let It Be"
      ]
    },
    {
      "value": "7 Years",
      "synonyms": [
        "7 Years"
      ]
    },
    {
      "value": "More Than Words",
      "synonyms": [
        "More Than Words"
      ]
    },
    {
      "value": "All I Ask",
      "synonyms": [
        "All I Ask"
      ]
    },
    {
      "value": "La La Land - Audition The Fools Who Dream",
      "synonyms": [
        "La La Land - Audition The Fools Who Dream"
      ]
    },
    {
      "value": "House Of The Rising Sun",
      "synonyms": [
        "House Of The Rising Sun"
      ]
    },
    {
      "value": "Skinny Love",
      "synonyms": [
        "Skinny Love"
      ]
    },
    {
      "value": "Rockabye",
      "synonyms": [
        "Rockabye"
      ]
    },
    {
      "value": "Wonderwall",
      "synonyms": [
        "Wonderwall"
      ]
    },
    {
      "value": "Human",
      "synonyms": [
        "Human"
      ]
    },
    {
      "value": "Yellow Acoustic",
      "synonyms": [
        "Yellow Acoustic"
      ]
    },
    {
      "value": "City Of Stars",
      "synonyms": [
        "City Of Stars"
      ]
    },
    {
      "value": "Hey There Delilah",
      "synonyms": [
        "Hey There Delilah"
      ]
    },
    {
      "value": "Hey Soul Sister",
      "synonyms": [
        "Hey Soul Sister"
      ]
    },
    {
      "value": "Heathens",
      "synonyms": [
        "Heathens"
      ]
    },
    {
      "value": "We Dont Talk Anymore",
      "synonyms": [
        "We Dont Talk Anymore"
      ]
    },
    {
      "value": "Halo",
      "synonyms": [
        "Halo"
      ]
    },
    {
      "value": "Faded",
      "synonyms": [
        "Faded"
      ]
    },
    {
      "value": "Radioactive",
      "synonyms": [
        "Radioactive"
      ]
    },
    {
      "value": "One Call Away",
      "synonyms": [
        "One Call Away"
      ]
    },
    {
      "value": "Counting Stars",
      "synonyms": [
        "Counting Stars"
      ]
    },
    {
      "value": "Dont Look Back In Anger",
      "synonyms": [
        "Dont Look Back In Anger"
      ]
    },
    {
      "value": "Iris",
      "synonyms": [
        "Iris"
      ]
    },
    {
      "value": "Stitches",
      "synonyms": [
        "Stitches"
      ]
    },
    {
      "value": "Sweet Child O Mine",
      "synonyms": [
        "Sweet Child O Mine"
      ]
    },
    {
      "value": "Somewhere Over The Rainbow",
      "synonyms": [
        "Somewhere Over The Rainbow"
      ]
    },
    {
      "value": "Under The Bridge",
      "synonyms": [
        "Under The Bridge"
      ]
    },
    {
      "value": "Sweater Weather",
      "synonyms": [
        "Sweater Weather"
      ]
    },
    {
      "value": "Wish You Were Here",
      "synonyms": [
        "Wish You Were Here"
      ]
    },
    {
      "value": "Youve Got A Friend In Me",
      "synonyms": [
        "Youve Got A Friend In Me"
      ]
    },
    {
      "value": "Good Riddance Time Of Your Life",
      "synonyms": [
        "Good Riddance Time Of Your Life"
      ]
    },
    {
      "value": "Jolene",
      "synonyms": [
        "Jolene"
      ]
    },
    {
      "value": "Boulevard Of Broken Dreams Acoustic",
      "synonyms": [
        "Boulevard Of Broken Dreams Acoustic"
      ]
    },
    {
      "value": "Im Not The Only One",
      "synonyms": [
        "Im Not The Only One"
      ]
    },
    {
      "value": "Say Something",
      "synonyms": [
        "Say Something"
      ]
    },
    {
      "value": "Castle On The Hill",
      "synonyms": [
        "Castle On The Hill"
      ]
    },
    {
      "value": "Love On The Brain",
      "synonyms": [
        "Love On The Brain"
      ]
    },
    {
      "value": "Starving",
      "synonyms": [
        "Starving"
      ]
    },
    {
      "value": "I Wont Give Up",
      "synonyms": [
        "I Wont Give Up"
      ]
    },
    {
      "value": "Love",
      "synonyms": [
        "Love"
      ]
    },
    {
      "value": "Shape Of You",
      "synonyms": [
        "Shape Of You"
      ]
    },
    {
      "value": "Chasing Cars",
      "synonyms": [
        "Chasing Cars"
      ]
    },
    {
      "value": "Hey Jude",
      "synonyms": [
        "Hey Jude"
      ]
    },
    {
      "value": "Imagine",
      "synonyms": [
        "Imagine"
      ]
    },
    {
      "value": "Hello",
      "synonyms": [
        "Hello"
      ]
    },
    {
      "value": "Redemption Song",
      "synonyms": [
        "Redemption Song"
      ]
    },
    {
      "value": "Lost Boy Acoustic",
      "synonyms": [
        "Lost Boy Acoustic"
      ]
    },
    {
      "value": "Make You Feel My Love",
      "synonyms": [
        "Make You Feel My Love"
      ]
    },
    {
      "value": "Closer",
      "synonyms": [
        "Closer"
      ]
    },
    {
      "value": "Blackbird",
      "synonyms": [
        "Blackbird"
      ]
    }
  ],
  "isEnum": false,
  "automatedExpansion": false
}